,id,name,symbol,slug,num_market_pairs,date_added,tags,max_supply,circulating_supply,total_supply,platform,cmc_rank,self_reported_circulating_supply,self_reported_market_cap,tvl_ratio,last_updated,quote.USD.price,quote.USD.volume_24h,quote.USD.volume_change_24h,quote.USD.percent_change_1h,quote.USD.percent_change_24h,quote.USD.percent_change_7d,quote.USD.percent_change_30d,quote.USD.percent_change_60d,quote.USD.percent_change_90d,quote.USD.market_cap,quote.USD.market_cap_dominance,quote.USD.fully_diluted_market_cap,quote.USD.tvl,quote.USD.last_updated,platform.id,platform.name,platform.symbol,platform.slug,platform.token_address,timestamp
0,1,Bitcoin,BTC,bitcoin,9996,2013-04-28T00:00:00.000Z,"['mineable', 'pow', 'sha-256', 'store-of-value', 'state-channel', 'coinbase-ventures-portfolio', 'three-arrows-capital-portfolio', 'polychain-capital-portfolio', 'binance-labs-portfolio', 'blockchain-capital-portfolio', 'boostvc-portfolio', 'cms-holdings-portfolio', 'dcg-portfolio', 'dragonfly-capital-portfolio', 'electric-capital-portfolio', 'fabric-ventures-portfolio', 'framework-ventures-portfolio', 'galaxy-digital-portfolio', 'huobi-capital-portfolio', 'alameda-research-portfolio', 'a16z-portfolio', '1confirmation-portfolio', 'winklevoss-capital-portfolio', 'usv-portfolio', 'placeholder-ventures-portfolio', 'pantera-capital-portfolio', 'multicoin-capital-portfolio', 'paradigm-portfolio', 'btc-ecosystem']",21000000.0,19307106.0,19307106.0,,1,,,,2023-03-03T17:11:00.000Z,22402.988485799517,26045882986.51764,23.6555,0.12598986,-3.81835374,-3.32176255,-2.5423297,33.96818769,32.11567214,432536873412.1108,42.0591,470462758201.79,,2023-03-03T17:11:00.000Z,,,,,,2023-03-03 17:12:44.885237
1,1027,Ethereum,ETH,ethereum,6517,2015-08-07T00:00:00.000Z,"['pos', 'smart-contracts', 'ethereum-ecosystem', 'coinbase-ventures-portfolio', 'three-arrows-capital-portfolio', 'polychain-capital-portfolio', 'binance-labs-portfolio', 'blockchain-capital-portfolio', 'boostvc-portfolio', 'cms-holdings-portfolio', 'dcg-portfolio', 'dragonfly-capital-portfolio', 'electric-capital-portfolio', 'fabric-ventures-portfolio', 'framework-ventures-portfolio', 'hashkey-capital-portfolio', 'kenetic-capital-portfolio', 'huobi-capital-portfolio', 'alameda-research-portfolio', 'a16z-portfolio', '1confirmation-portfolio', 'winklevoss-capital-portfolio', 'usv-portfolio', 'placeholder-ventures-portfolio', 'pantera-capital-portfolio', 'multicoin-capital-portfolio', 'paradigm-portfolio', 'injective-ecosystem']",,122373866.2178,122373866.2178,,2,,,,2023-03-03T17:11:00.000Z,1571.4158173649998,9765397494.464045,38.8492,0.15106715,-3.34282019,-1.32092082,-0.15861484,29.06473801,23.79479469,192300229006.75934,18.6996,192300229006.76,,2023-03-03T17:11:00.000Z,,,,,,2023-03-03 17:12:44.885237
2,825,Tether,USDT,tether,48731,2015-02-25T00:00:00.000Z,"['payments', 'stablecoin', 'asset-backed-stablecoin', 'avalanche-ecosystem', 'solana-ecosystem', 'arbitrum-ecosytem', 'moonriver-ecosystem', 'injective-ecosystem', 'bnb-chain', 'usd-stablecoin', 'optimism-ecosystem']",,71116628508.94615,73141766321.23428,,3,,,,2023-03-03T17:11:00.000Z,1.000105714236163,37545462837.252045,26.1081,-0.0007569,0.00139225,-8.708e-05,-0.00167618,0.03089253,0.00344533,71124146549.00746,6.916,73149498447.19,,2023-03-03T17:11:00.000Z,1027.0,Ethereum,ETH,ethereum,0xdac17f958d2ee523a2206206994597c13d831ec7,2023-03-03 17:12:44.885237
3,1839,BNB,BNB,bnb,1206,2017-07-25T00:00:00.000Z,"['marketplace', 'centralized-exchange', 'payments', 'smart-contracts', 'alameda-research-portfolio', 'multicoin-capital-portfolio', 'bnb-chain']",,157894579.00970283,159979963.59042934,,4,,,,2023-03-03T17:11:00.000Z,289.6741995124086,459494522.08056766,24.2726,0.21535264,-2.57907545,-3.67789372,-5.9186573,17.53561055,-0.50977331,45737985781.98442,4.4488,46342067891.08,,2023-03-03T17:11:00.000Z,,,,,,2023-03-03 17:12:44.885237
4,3408,USD Coin,USDC,usd-coin,10437,2018-10-08T00:00:00.000Z,"['medium-of-exchange', 'stablecoin', 'asset-backed-stablecoin', 'fantom-ecosystem', 'arbitrum-ecosytem', 'moonriver-ecosystem', 'bnb-chain', 'usd-stablecoin', 'optimism-ecosystem']",,43228214266.55103,43228214266.55103,,5,,,,2023-03-03T17:11:00.000Z,1.000080659587937,4167008741.8303266,16.4201,0.01614146,-0.02440711,0.02738864,0.01911021,0.01144984,0.02005689,43231701036.50102,4.2039,43231701036.5,,2023-03-03T17:11:00.000Z,1027.0,Ethereum,ETH,ethereum,0xa0b86991c6218b36c1d19d4a2e9eb0ce3606eb48,2023-03-03 17:12:44.885237
5,52,XRP,XRP,xrp,898,2013-08-04T00:00:00.000Z,"['medium-of-exchange', 'enterprise-solutions', 'arrington-xrp-capital-portfolio', 'galaxy-digital-portfolio', 'a16z-portfolio', 'pantera-capital-portfolio']",100000000000.0,50950912949.0,99989113908.0,,6,,,,2023-03-03T17:11:00.000Z,0.36755608197913714,1125156312.197081,32.6784,-0.03673888,-2.10232462,-1.92271786,-7.83998267,4.30548308,-6.85633556,18727317936.794525,1.8216,36755608197.91,,2023-03-03T17:11:00.000Z,,,,,,2023-03-03 17:12:44.885237
6,2010,Cardano,ADA,cardano,661,2017-10-01T00:00:00.000Z,"['dpos', 'pos', 'platform', 'research', 'smart-contracts', 'staking', 'cardano-ecosystem', 'cardano']",45000000000.0,34670935980.244,35538184453.812,,7,,,,2023-03-03T17:11:00.000Z,0.3393731952883642,384372180.0422547,63.2674,0.4153503,-2.13820468,-7.01054564,-9.46995977,33.26574433,4.71324153,11766386327.253721,1.1441,15271793787.98,,2023-03-03T17:11:00.000Z,,,,,,2023-03-03 17:12:44.885237
7,3890,Polygon,MATIC,polygon,598,2019-04-28T00:00:00.000Z,"['platform', 'enterprise-solutions', 'zero-knowledge-proofs', 'scaling', 'state-channel', 'coinbase-ventures-portfolio', 'binance-launchpad', 'binance-labs-portfolio', 'polygon-ecosystem', 'moonriver-ecosystem', 'injective-ecosystem']",10000000000.0,8734317475.28493,10000000000.0,,8,,,,2023-03-03T17:11:00.000Z,1.171769248276844,573296765.715265,55.0717,0.65401167,-2.03787324,-8.00720806,8.75757215,49.65451925,27.41577474,10234604622.225924,0.9952,11717692482.77,,2023-03-03T17:11:00.000Z,,,,,,2023-03-03 17:12:44.885237
8,74,Dogecoin,DOGE,dogecoin,650,2013-12-15T00:00:00.000Z,"['mineable', 'pow', 'scrypt', 'medium-of-exchange', 'memes', 'payments', 'doggone-doggerel', 'bnb-chain']",,132670764299.89409,132670764299.89409,,9,,,,2023-03-03T17:11:00.000Z,0.07634681411940974,553502577.1384081,136.0478,0.24406131,-4.61529699,-5.71250339,-14.98776508,5.96201483,-24.59984511,10128990181.084036,0.9853,10128990181.08,,2023-03-03T17:11:00.000Z,,,,,,2023-03-03 17:12:44.885237
9,4687,Binance USD,BUSD,binance-usd,6338,2019-09-20T00:00:00.000Z,"['stablecoin', 'asset-backed-stablecoin', 'binance-chain', 'harmony-ecosystem', 'moonriver-ecosystem', 'usd-stablecoin', 'optimism-ecosystem']",,9469876480.143375,9469876480.143375,,10,,,,2023-03-03T17:11:00.000Z,1.0001991390656384,7811138246.158167,37.9364,-0.01962833,-0.04012097,-0.00284155,0.03580272,0.00201159,0.01056008,9471762302.497343,0.9214,9471762302.5,,2023-03-03T17:11:00.000Z,1839.0,BNB,BNB,bnb,BUSD-BD1,2023-03-03 17:12:44.885237
10,5426,Solana,SOL,solana,437,2020-04-10T00:00:00.000Z,"['pos', 'platform', 'solana-ecosystem', 'cms-holdings-portfolio', 'kenetic-capital-portfolio', 'alameda-research-portfolio', 'multicoin-capital-portfolio', 'okex-blockdream-ventures-portfolio']",,378850891.6416557,539312704.8875339,,11,,,,2023-03-03T17:11:00.000Z,21.271019441259984,478562005.8137042,44.4636,0.03203437,-2.32731362,-6.7091438,-6.5262303,91.52228692,57.22088758,8058544681.448338,0.7836,11471731030.58,,2023-03-03T17:11:00.000Z,,,,,,2023-03-03 17:12:44.885237
11,6636,Polkadot,DOT,polkadot-new,475,2020-08-19T00:00:00.000Z,"['substrate', 'polkadot', 'binance-chain', 'polkadot-ecosystem', 'three-arrows-capital-portfolio', 'polychain-capital-portfolio', 'arrington-xrp-capital-portfolio', 'blockchain-capital-portfolio', 'boostvc-portfolio', 'cms-holdings-portfolio', 'coinfund-portfolio', 'fabric-ventures-portfolio', 'fenbushi-capital-portfolio', 'hashkey-capital-portfolio', 'kenetic-capital-portfolio', '1confirmation-portfolio', 'placeholder-ventures-portfolio', 'pantera-capital-portfolio', 'exnetwork-capital-portfolio', 'web3', 'spartan-group', 'injective-ecosystem', 'bnb-chain']",,1162800965.752177,1289224636.0573568,,12,904869778.0,5496381800.772417,,2023-03-03T17:11:00.000Z,6.074224086609308,292855478.4694521,33.1865,0.30907795,-3.23417519,-8.38467773,-0.00036529,34.59616527,9.29631292,7063113634.104439,0.6868,7831039337.39,,2023-03-03T17:11:00.000Z,,,,,,2023-03-03 17:12:44.885237
12,2,Litecoin,LTC,litecoin,881,2013-04-28T00:00:00.000Z,"['mineable', 'pow', 'scrypt', 'medium-of-exchange']",84000000.0,72401614.83882631,84000000.0,,13,,,,2023-03-03T17:11:00.000Z,89.69600132754375,659779388.7748275,42.7852,0.22825369,-4.9013618,-1.56170684,-4.8778455,19.99464174,17.53304331,6494135340.6996765,0.6317,7534464111.51,,2023-03-03T17:11:00.000Z,,,,,,2023-03-03 17:12:44.885237
13,5994,Shiba Inu,SHIB,shiba-inu,490,2020-08-01T00:00:00.000Z,"['memes', 'ethereum-ecosystem', 'doggone-doggerel']",,549063278876301.94,589735030408322.8,,14,,,,2023-03-03T17:11:00.000Z,1.1325950731844828e-05,287037243.7814422,51.7572,-0.0183359,-4.3838042,-10.38269224,-0.97186242,38.19629969,21.21035969,6218663645.218173,0.6047,6679309899.25,,2023-03-03T17:11:00.000Z,1027.0,Ethereum,ETH,ethereum,0x95ad61b0a150d79219dcf64e1e6cc01f0b64c4ce,2023-03-03 17:12:44.885237
14,1958,TRON,TRX,tron,731,2017-09-13T00:00:00.000Z,"['media', 'payments', 'tron-ecosystem']",,91392613295.47162,91392729200.59804,,15,71659659264.0,4832898963.738776,,2023-03-03T17:11:00.000Z,0.06744239385696747,257104668.3383619,20.0258,0.05138918,-2.49984866,-0.68752759,9.16017631,21.96717783,25.02035122,6163736621.490719,0.5994,6163744438.41,,2023-03-03T17:11:00.000Z,,,,,,2023-03-03 17:12:44.885237
0,1,Bitcoin,BTC,bitcoin,9996,2013-04-28T00:00:00.000Z,"['mineable', 'pow', 'sha-256', 'store-of-value', 'state-channel', 'coinbase-ventures-portfolio', 'three-arrows-capital-portfolio', 'polychain-capital-portfolio', 'binance-labs-portfolio', 'blockchain-capital-portfolio', 'boostvc-portfolio', 'cms-holdings-portfolio', 'dcg-portfolio', 'dragonfly-capital-portfolio', 'electric-capital-portfolio', 'fabric-ventures-portfolio', 'framework-ventures-portfolio', 'galaxy-digital-portfolio', 'huobi-capital-portfolio', 'alameda-research-portfolio', 'a16z-portfolio', '1confirmation-portfolio', 'winklevoss-capital-portfolio', 'usv-portfolio', 'placeholder-ventures-portfolio', 'pantera-capital-portfolio', 'multicoin-capital-portfolio', 'paradigm-portfolio', 'btc-ecosystem']",21000000.0,19307106.0,19307106.0,,1,,,,2023-03-03T17:12:00.000Z,22405.050503585833,26043886706.477276,23.6537,0.16759043,-3.80393346,-3.29574904,-2.55317985,33.98366157,32.11897959,432576685008.0851,42.0629,470506060575.3,,2023-03-03T17:12:00.000Z,,,,,,2023-03-03 17:13:45.843716
1,1027,Ethereum,ETH,ethereum,6517,2015-08-07T00:00:00.000Z,"['pos', 'smart-contracts', 'ethereum-ecosystem', 'coinbase-ventures-portfolio', 'three-arrows-capital-portfolio', 'polychain-capital-portfolio', 'binance-labs-portfolio', 'blockchain-capital-portfolio', 'boostvc-portfolio', 'cms-holdings-portfolio', 'dcg-portfolio', 'dragonfly-capital-portfolio', 'electric-capital-portfolio', 'fabric-ventures-portfolio', 'framework-ventures-portfolio', 'hashkey-capital-portfolio', 'kenetic-capital-portfolio', 'huobi-capital-portfolio', 'alameda-research-portfolio', 'a16z-portfolio', '1confirmation-portfolio', 'winklevoss-capital-portfolio', 'usv-portfolio', 'placeholder-ventures-portfolio', 'pantera-capital-portfolio', 'multicoin-capital-portfolio', 'paradigm-portfolio', 'injective-ecosystem']",,122373866.2178,122373866.2178,,2,,,,2023-03-03T17:12:00.000Z,1571.4792473463951,9764866563.348854,38.8502,0.18362051,-3.3330487,-1.30162792,-0.18100465,29.07402662,23.80187818,192307991178.8168,18.7003,192307991178.82,,2023-03-03T17:12:00.000Z,,,,,,2023-03-03 17:13:45.843716
2,825,Tether,USDT,tether,48731,2015-02-25T00:00:00.000Z,"['payments', 'stablecoin', 'asset-backed-stablecoin', 'avalanche-ecosystem', 'solana-ecosystem', 'arbitrum-ecosytem', 'moonriver-ecosystem', 'injective-ecosystem', 'bnb-chain', 'usd-stablecoin', 'optimism-ecosystem']",,71116628508.94615,73141766321.23428,,3,,,,2023-03-03T17:12:00.000Z,1.0001044746860703,37544939147.22585,26.149,-0.00057792,0.00136539,-3.301e-05,-0.00201349,0.03311157,0.00337612,71124058396.384,6.916,73149407784.31,,2023-03-03T17:12:00.000Z,1027.0,Ethereum,ETH,ethereum,0xdac17f958d2ee523a2206206994597c13d831ec7,2023-03-03 17:13:45.843716
3,1839,BNB,BNB,bnb,1206,2017-07-25T00:00:00.000Z,"['marketplace', 'centralized-exchange', 'payments', 'smart-contracts', 'alameda-research-portfolio', 'multicoin-capital-portfolio', 'bnb-chain']",,157894579.00970283,159979963.59042934,,4,,,,2023-03-03T17:12:00.000Z,289.71737109812716,459423633.1271998,24.2127,0.28158605,-2.56087494,-3.63566492,-5.94348701,17.5639023,-0.50107516,45744802341.33663,4.4486,46348974479.79,,2023-03-03T17:12:00.000Z,,,,,,2023-03-03 17:13:45.843716
4,3408,USD Coin,USDC,usd-coin,10437,2018-10-08T00:00:00.000Z,"['medium-of-exchange', 'stablecoin', 'asset-backed-stablecoin', 'fantom-ecosystem', 'arbitrum-ecosytem', 'moonriver-ecosystem', 'bnb-chain', 'usd-stablecoin', 'optimism-ecosystem']",,43228214266.55103,43228214266.55103,,5,,,,2023-03-03T17:12:00.000Z,1.0000382954903795,4166947555.851271,16.4181,0.01472108,-0.0241808,0.02420902,0.01739954,0.01629965,0.0147966,43229869712.2146,4.2037,43229869712.21,,2023-03-03T17:12:00.000Z,1027.0,Ethereum,ETH,ethereum,0xa0b86991c6218b36c1d19d4a2e9eb0ce3606eb48,2023-03-03 17:13:45.843716
5,52,XRP,XRP,xrp,898,2013-08-04T00:00:00.000Z,"['medium-of-exchange', 'enterprise-solutions', 'arrington-xrp-capital-portfolio', 'galaxy-digital-portfolio', 'a16z-portfolio', 'pantera-capital-portfolio']",100000000000.0,50950912949.0,99989113908.0,,6,,,,2023-03-03T17:12:00.000Z,0.3675736887625722,1125172437.5299523,32.6974,-0.02441225,-2.09107263,-1.90890693,-7.83446367,4.30669573,-6.85379483,18728215018.484634,1.8213,36757368876.26,,2023-03-03T17:12:00.000Z,,,,,,2023-03-03 17:13:45.843716
6,2010,Cardano,ADA,cardano,661,2017-10-01T00:00:00.000Z,"['dpos', 'pos', 'platform', 'research', 'smart-contracts', 'staking', 'cardano-ecosystem', 'cardano']",45000000000.0,34670935980.244,35538184453.812,,7,,,,2023-03-03T17:12:00.000Z,0.33938555038570556,384392656.268731,63.2077,0.43662176,-2.12340585,-7.00291761,-9.46730527,33.27969295,4.71599638,11766814690.042673,1.1442,15272349767.36,,2023-03-03T17:12:00.000Z,,,,,,2023-03-03 17:13:45.843716
7,3890,Polygon,MATIC,polygon,598,2019-04-28T00:00:00.000Z,"['platform', 'enterprise-solutions', 'zero-knowledge-proofs', 'scaling', 'state-channel', 'coinbase-ventures-portfolio', 'binance-launchpad', 'binance-labs-portfolio', 'polygon-ecosystem', 'moonriver-ecosystem', 'injective-ecosystem']",10000000000.0,8734317475.28493,10000000000.0,,8,,,,2023-03-03T17:12:00.000Z,1.1718918895039285,573255311.9703654,55.0555,0.67595801,-2.0187885,-7.99336559,8.75263264,49.68065716,27.42562354,10235675809.638838,0.9953,11718918895.04,,2023-03-03T17:12:00.000Z,,,,,,2023-03-03 17:13:45.843716
8,74,Dogecoin,DOGE,dogecoin,650,2013-12-15T00:00:00.000Z,"['mineable', 'pow', 'scrypt', 'medium-of-exchange', 'memes', 'payments', 'doggone-doggerel', 'bnb-chain']",,132670764299.89409,132670764299.89409,,9,,,,2023-03-03T17:12:00.000Z,0.07635493535888162,553547449.3958651,136.1093,0.2818424,-4.60196696,-5.68483727,-14.99232325,5.98518296,-24.59822556,10130067632.131832,0.9851,10130067632.13,,2023-03-03T17:12:00.000Z,,,,,,2023-03-03 17:13:45.843716
9,4687,Binance USD,BUSD,binance-usd,6338,2019-09-20T00:00:00.000Z,"['stablecoin', 'asset-backed-stablecoin', 'binance-chain', 'harmony-ecosystem', 'moonriver-ecosystem', 'usd-stablecoin', 'optimism-ecosystem']",,9469876480.143375,9469876480.143375,,10,,,,2023-03-03T17:12:00.000Z,1.0000572050126573,7808891174.131913,38.017,-0.0092785,-0.00563844,0.00727762,-0.00414266,0.0097537,-0.00437904,9470418204.547285,0.9209,9470418204.55,,2023-03-03T17:12:00.000Z,1839.0,BNB,BNB,bnb,BUSD-BD1,2023-03-03 17:13:45.843716
10,5426,Solana,SOL,solana,437,2020-04-10T00:00:00.000Z,"['pos', 'platform', 'solana-ecosystem', 'cms-holdings-portfolio', 'kenetic-capital-portfolio', 'alameda-research-portfolio', 'multicoin-capital-portfolio', 'okex-blockdream-ventures-portfolio']",,378850891.6416557,539312704.8875339,,11,,,,2023-03-03T17:12:00.000Z,21.272433454564588,478556516.184027,44.4741,0.0934377,-2.32093882,-6.71034602,-6.54052994,91.5487266,57.22305953,8059080381.64958,0.7837,11472493625.92,,2023-03-03T17:12:00.000Z,,,,,,2023-03-03 17:13:45.843716
11,6636,Polkadot,DOT,polkadot-new,475,2020-08-19T00:00:00.000Z,"['substrate', 'polkadot', 'binance-chain', 'polkadot-ecosystem', 'three-arrows-capital-portfolio', 'polychain-capital-portfolio', 'arrington-xrp-capital-portfolio', 'blockchain-capital-portfolio', 'boostvc-portfolio', 'cms-holdings-portfolio', 'coinfund-portfolio', 'fabric-ventures-portfolio', 'fenbushi-capital-portfolio', 'hashkey-capital-portfolio', 'kenetic-capital-portfolio', '1confirmation-portfolio', 'placeholder-ventures-portfolio', 'pantera-capital-portfolio', 'exnetwork-capital-portfolio', 'web3', 'spartan-group', 'injective-ecosystem', 'bnb-chain']",,1162800965.752177,1289224636.0573568,,12,904869778.0,5496586898.274231,,2023-03-03T17:12:00.000Z,6.074450746297586,292846681.8384206,33.2134,0.34520516,-3.21876027,-8.37218726,0.0164206,34.60248794,9.29904117,7063377194.208865,0.6869,7831331552.64,,2023-03-03T17:12:00.000Z,,,,,,2023-03-03 17:13:45.843716
12,2,Litecoin,LTC,litecoin,881,2013-04-28T00:00:00.000Z,"['mineable', 'pow', 'scrypt', 'medium-of-exchange']",84000000.0,72401614.83882631,84000000.0,,13,,,,2023-03-03T17:12:00.000Z,89.70617571651427,659841668.6624316,42.7708,0.24958063,-4.89021598,-1.54596686,-4.86476683,20.01680514,17.5425162,6494871982.89114,0.6316,7535318760.19,,2023-03-03T17:12:00.000Z,,,,,,2023-03-03 17:13:45.843716
13,5994,Shiba Inu,SHIB,shiba-inu,490,2020-08-01T00:00:00.000Z,"['memes', 'ethereum-ecosystem', 'doggone-doggerel']",,549063278876301.94,589735030408322.8,,14,,,,2023-03-03T17:12:00.000Z,1.1325789289254182e-05,286982979.0496229,51.6753,0.01247295,-4.38269298,-10.36827364,-1.17827852,38.20710852,21.20911084,6218575003.020002,0.6047,6679214690.9,,2023-03-03T17:12:00.000Z,1027.0,Ethereum,ETH,ethereum,0x95ad61b0a150d79219dcf64e1e6cc01f0b64c4ce,2023-03-03 17:13:45.843716
14,1958,TRON,TRX,tron,731,2017-09-13T00:00:00.000Z,"['media', 'payments', 'tron-ecosystem']",,91392613295.47162,91392729200.59804,,15,71659659264.0,4832928854.821867,,2023-03-03T17:12:00.000Z,0.06744281098263341,257111332.6869867,20.0303,0.06074581,-2.49694472,-0.69234027,9.1584502,21.97412461,25.01718893,6163774743.695401,0.5994,6163782560.66,,2023-03-03T17:12:00.000Z,,,,,,2023-03-03 17:13:45.843716
0,1,Bitcoin,BTC,bitcoin,9996,2013-04-28T00:00:00.000Z,"['mineable', 'pow', 'sha-256', 'store-of-value', 'state-channel', 'coinbase-ventures-portfolio', 'three-arrows-capital-portfolio', 'polychain-capital-portfolio', 'binance-labs-portfolio', 'blockchain-capital-portfolio', 'boostvc-portfolio', 'cms-holdings-portfolio', 'dcg-portfolio', 'dragonfly-capital-portfolio', 'electric-capital-portfolio', 'fabric-ventures-portfolio', 'framework-ventures-portfolio', 'galaxy-digital-portfolio', 'huobi-capital-portfolio', 'alameda-research-portfolio', 'a16z-portfolio', '1confirmation-portfolio', 'winklevoss-capital-portfolio', 'usv-portfolio', 'placeholder-ventures-portfolio', 'pantera-capital-portfolio', 'multicoin-capital-portfolio', 'paradigm-portfolio', 'btc-ecosystem']",21000000.0,19307106.0,19307106.0,,1,,,,2023-03-03T17:13:00.000Z,22420.262393282574,26051211999.217228,23.836,0.27713256,-3.71721403,-3.21030234,-2.5139294,34.1035828,32.20160128,432870382574.92035,42.0915,470825510258.93,,2023-03-03T17:13:00.000Z,,,,,,2023-03-03 17:14:46.980475
1,1027,Ethereum,ETH,ethereum,6517,2015-08-07T00:00:00.000Z,"['pos', 'smart-contracts', 'ethereum-ecosystem', 'coinbase-ventures-portfolio', 'three-arrows-capital-portfolio', 'polychain-capital-portfolio', 'binance-labs-portfolio', 'blockchain-capital-portfolio', 'boostvc-portfolio', 'cms-holdings-portfolio', 'dcg-portfolio', 'dragonfly-capital-portfolio', 'electric-capital-portfolio', 'fabric-ventures-portfolio', 'framework-ventures-portfolio', 'hashkey-capital-portfolio', 'kenetic-capital-portfolio', 'huobi-capital-portfolio', 'alameda-research-portfolio', 'a16z-portfolio', '1confirmation-portfolio', 'winklevoss-capital-portfolio', 'usv-portfolio', 'placeholder-ventures-portfolio', 'pantera-capital-portfolio', 'multicoin-capital-portfolio', 'paradigm-portfolio', 'injective-ecosystem']",,122373866.2178,122373866.2178,,2,,,,2023-03-03T17:13:00.000Z,1572.1352292138713,9767667177.588123,38.8479,0.28165101,-3.27590276,-1.21767816,-0.15863581,29.1568485,23.88318894,192388266216.10864,18.7081,192388266216.11,,2023-03-03T17:13:00.000Z,,,,,,2023-03-03 17:14:46.980475
2,825,Tether,USDT,tether,48731,2015-02-25T00:00:00.000Z,"['payments', 'stablecoin', 'asset-backed-stablecoin', 'avalanche-ecosystem', 'solana-ecosystem', 'arbitrum-ecosytem', 'moonriver-ecosystem', 'injective-ecosystem', 'bnb-chain', 'usd-stablecoin', 'optimism-ecosystem']",,71116628508.94615,73141766321.23428,,3,,,,2023-03-03T17:13:00.000Z,1.0001140636450574,37554669054.94003,26.2621,-0.00082612,0.00389517,0.00256356,0.00153816,0.0344441,0.00497496,71124740330.81807,6.916,73150109137.71,,2023-03-03T17:13:00.000Z,1027.0,Ethereum,ETH,ethereum,0xdac17f958d2ee523a2206206994597c13d831ec7,2023-03-03 17:14:46.980475
3,1839,BNB,BNB,bnb,1206,2017-07-25T00:00:00.000Z,"['marketplace', 'centralized-exchange', 'payments', 'smart-contracts', 'alameda-research-portfolio', 'multicoin-capital-portfolio', 'bnb-chain']",,157894579.00970283,159979963.59042934,,4,,,,2023-03-03T17:13:00.000Z,289.8505532847787,459355515.7275965,24.1637,0.37953104,-2.49889532,-3.53090591,-5.9339368,17.64297197,-0.45617222,45765831086.62957,4.4506,46370280961.16,,2023-03-03T17:13:00.000Z,,,,,,2023-03-03 17:14:46.980475
4,3408,USD Coin,USDC,usd-coin,10437,2018-10-08T00:00:00.000Z,"['medium-of-exchange', 'stablecoin', 'asset-backed-stablecoin', 'fantom-ecosystem', 'arbitrum-ecosytem', 'moonriver-ecosystem', 'bnb-chain', 'usd-stablecoin', 'optimism-ecosystem']",,43228214266.55103,43228214266.55103,,5,,,,2023-03-03T17:13:00.000Z,1.0000958767878503,4167427067.1867976,16.8444,0.0155365,-0.01843843,0.03155695,0.01806713,0.00445812,0.00751122,43232358848.87941,4.204,43232358848.88,,2023-03-03T17:13:00.000Z,1027.0,Ethereum,ETH,ethereum,0xa0b86991c6218b36c1d19d4a2e9eb0ce3606eb48,2023-03-03 17:14:46.980475
5,52,XRP,XRP,xrp,898,2013-08-04T00:00:00.000Z,"['medium-of-exchange', 'enterprise-solutions', 'arrington-xrp-capital-portfolio', 'galaxy-digital-portfolio', 'a16z-portfolio', 'pantera-capital-portfolio']",100000000000.0,50950912949.0,99989113908.0,,6,,,,2023-03-03T17:13:00.000Z,0.3675601072202619,1125260865.246424,32.7241,0.03954527,-2.10279369,-1.75682391,-7.84387148,4.29655604,-6.83864719,18727523026.50467,1.8212,36756010722.03,,2023-03-03T17:13:00.000Z,,,,,,2023-03-03 17:14:46.980475
6,2010,Cardano,ADA,cardano,661,2017-10-01T00:00:00.000Z,"['dpos', 'pos', 'platform', 'research', 'smart-contracts', 'staking', 'cardano-ecosystem', 'cardano']",45000000000.0,34670935980.244,35538184453.812,,7,,,,2023-03-03T17:13:00.000Z,0.3395150433913839,384498295.8644558,63.2712,0.60436742,-2.14944469,-6.92248946,-9.4721986,33.33735586,4.78665994,11771304333.752436,1.1446,15278176952.61,,2023-03-03T17:13:00.000Z,,,,,,2023-03-03 17:14:46.980475
7,3890,Polygon,MATIC,polygon,598,2019-04-28T00:00:00.000Z,"['platform', 'enterprise-solutions', 'zero-knowledge-proofs', 'scaling', 'state-channel', 'coinbase-ventures-portfolio', 'binance-launchpad', 'binance-labs-portfolio', 'polygon-ecosystem', 'moonriver-ecosystem', 'injective-ecosystem']",10000000000.0,8734317475.28493,10000000000.0,,8,,,,2023-03-03T17:13:00.000Z,1.1722478975791375,573340609.712116,55.0167,0.78497744,-1.99222676,-7.90725361,8.70974735,49.86259039,27.46275211,10238785297.191479,0.9956,11722478975.79,,2023-03-03T17:13:00.000Z,,,,,,2023-03-03 17:14:46.980475
8,74,Dogecoin,DOGE,dogecoin,650,2013-12-15T00:00:00.000Z,"['mineable', 'pow', 'scrypt', 'medium-of-exchange', 'memes', 'payments', 'doggone-doggerel', 'bnb-chain']",,132670764299.89409,132670764299.89409,,9,,,,2023-03-03T17:13:00.000Z,0.07639418517750352,553649321.9031852,136.3271,0.41715298,-4.55117839,-5.61497942,-15.06843601,6.09442261,-24.54313105,10135274935.567032,0.9856,10135274935.57,,2023-03-03T17:13:00.000Z,,,,,,2023-03-03 17:14:46.980475
9,4687,Binance USD,BUSD,binance-usd,6338,2019-09-20T00:00:00.000Z,"['stablecoin', 'asset-backed-stablecoin', 'binance-chain', 'harmony-ecosystem', 'moonriver-ecosystem', 'usd-stablecoin', 'optimism-ecosystem']",,9469876480.143375,9469876480.143375,,10,,,,2023-03-03T17:13:00.000Z,1.0003343112290328,7808346947.415978,38.0123,0.0188586,-0.00085018,0.03090549,0.01860266,0.01793176,0.04373129,9473042366.188242,0.9212,9473042366.19,,2023-03-03T17:13:00.000Z,1839.0,BNB,BNB,bnb,BUSD-BD1,2023-03-03 17:14:46.980475
10,5426,Solana,SOL,solana,437,2020-04-10T00:00:00.000Z,"['pos', 'platform', 'solana-ecosystem', 'cms-holdings-portfolio', 'kenetic-capital-portfolio', 'alameda-research-portfolio', 'multicoin-capital-portfolio', 'okex-blockdream-ventures-portfolio']",,378850891.6416557,539312704.8875339,,11,,,,2023-03-03T17:13:00.000Z,21.279419846798557,478678394.9196747,44.5169,0.23310984,-2.28625019,-6.6510954,-6.55757423,91.5771478,57.31910592,8061727182.576777,0.7839,11476261476.01,,2023-03-03T17:13:00.000Z,,,,,,2023-03-03 17:14:46.980475
11,6636,Polkadot,DOT,polkadot-new,475,2020-08-19T00:00:00.000Z,"['substrate', 'polkadot', 'binance-chain', 'polkadot-ecosystem', 'three-arrows-capital-portfolio', 'polychain-capital-portfolio', 'arrington-xrp-capital-portfolio', 'blockchain-capital-portfolio', 'boostvc-portfolio', 'cms-holdings-portfolio', 'coinfund-portfolio', 'fabric-ventures-portfolio', 'fenbushi-capital-portfolio', 'hashkey-capital-portfolio', 'kenetic-capital-portfolio', '1confirmation-portfolio', 'placeholder-ventures-portfolio', 'pantera-capital-portfolio', 'exnetwork-capital-portfolio', 'web3', 'spartan-group', 'injective-ecosystem', 'bnb-chain']",,1162800965.752177,1289224636.0573568,,12,904869778.0,5499837855.326624,,2023-03-03T17:13:00.000Z,6.078043480999786,293129723.22524035,33.5042,0.49787574,-3.158487,-8.20975167,0.02404787,34.69152796,9.3769025,7067554829.590275,0.6873,7835963394.73,,2023-03-03T17:13:00.000Z,,,,,,2023-03-03 17:14:46.980475
12,2,Litecoin,LTC,litecoin,881,2013-04-28T00:00:00.000Z,"['mineable', 'pow', 'scrypt', 'medium-of-exchange']",84000000.0,72401614.83882631,84000000.0,,13,,,,2023-03-03T17:13:00.000Z,89.764342842748,660002675.3291982,42.8693,0.34716908,-4.84312465,-1.47504,-4.82737547,20.15467581,17.6014303,6499083376.760996,0.632,7540204798.79,,2023-03-03T17:13:00.000Z,,,,,,2023-03-03 17:14:46.980475
13,5994,Shiba Inu,SHIB,shiba-inu,490,2020-08-01T00:00:00.000Z,"['memes', 'ethereum-ecosystem', 'doggone-doggerel']",,549063278876301.94,589735030408322.8,,14,,,,2023-03-03T17:13:00.000Z,1.1333348444935726e-05,286993502.3404062,51.6802,0.18973303,-4.32285911,-10.17537824,-1.52967422,38.37961861,21.2621795,6222725457.824047,0.6051,6683672589.8,,2023-03-03T17:13:00.000Z,1027.0,Ethereum,ETH,ethereum,0x95ad61b0a150d79219dcf64e1e6cc01f0b64c4ce,2023-03-03 17:14:46.980475
14,1958,TRON,TRX,tron,731,2017-09-13T00:00:00.000Z,"['media', 'payments', 'tron-ecosystem']",,91392613295.47162,91392729200.59804,,15,71659659264.0,4832790751.715083,,2023-03-03T17:13:00.000Z,0.06744088377410071,257029975.11865187,19.9742,0.08487493,-2.52548563,-0.6405952,9.13111954,21.98573088,24.97632557,6163598611.071233,0.5993,6163606427.82,,2023-03-03T17:13:00.000Z,,,,,,2023-03-03 17:14:46.980475
0,1,Bitcoin,BTC,bitcoin,9996,2013-04-28T00:00:00.000Z,"['mineable', 'pow', 'sha-256', 'store-of-value', 'state-channel', 'coinbase-ventures-portfolio', 'three-arrows-capital-portfolio', 'polychain-capital-portfolio', 'binance-labs-portfolio', 'blockchain-capital-portfolio', 'boostvc-portfolio', 'cms-holdings-portfolio', 'dcg-portfolio', 'dragonfly-capital-portfolio', 'electric-capital-portfolio', 'fabric-ventures-portfolio', 'framework-ventures-portfolio', 'galaxy-digital-portfolio', 'huobi-capital-portfolio', 'alameda-research-portfolio', 'a16z-portfolio', '1confirmation-portfolio', 'winklevoss-capital-portfolio', 'usv-portfolio', 'placeholder-ventures-portfolio', 'pantera-capital-portfolio', 'multicoin-capital-portfolio', 'paradigm-portfolio', 'btc-ecosystem']",21000000.0,19307106.0,19307106.0,,1,,,,2023-03-03T17:13:00.000Z,22420.262393282574,26051211999.217228,23.836,0.27713256,-3.71721403,-3.21030234,-2.5139294,34.1035828,32.20160128,432870382574.92035,42.0915,470825510258.93,,2023-03-03T17:13:00.000Z,,,,,,2023-03-03 17:15:19.208599
1,1027,Ethereum,ETH,ethereum,6517,2015-08-07T00:00:00.000Z,"['pos', 'smart-contracts', 'ethereum-ecosystem', 'coinbase-ventures-portfolio', 'three-arrows-capital-portfolio', 'polychain-capital-portfolio', 'binance-labs-portfolio', 'blockchain-capital-portfolio', 'boostvc-portfolio', 'cms-holdings-portfolio', 'dcg-portfolio', 'dragonfly-capital-portfolio', 'electric-capital-portfolio', 'fabric-ventures-portfolio', 'framework-ventures-portfolio', 'hashkey-capital-portfolio', 'kenetic-capital-portfolio', 'huobi-capital-portfolio', 'alameda-research-portfolio', 'a16z-portfolio', '1confirmation-portfolio', 'winklevoss-capital-portfolio', 'usv-portfolio', 'placeholder-ventures-portfolio', 'pantera-capital-portfolio', 'multicoin-capital-portfolio', 'paradigm-portfolio', 'injective-ecosystem']",,122373866.2178,122373866.2178,,2,,,,2023-03-03T17:13:00.000Z,1572.1352292138713,9767667177.588123,38.8479,0.28165101,-3.27590276,-1.21767816,-0.15863581,29.1568485,23.88318894,192388266216.10864,18.7081,192388266216.11,,2023-03-03T17:13:00.000Z,,,,,,2023-03-03 17:15:19.208599
2,825,Tether,USDT,tether,48731,2015-02-25T00:00:00.000Z,"['payments', 'stablecoin', 'asset-backed-stablecoin', 'avalanche-ecosystem', 'solana-ecosystem', 'arbitrum-ecosytem', 'moonriver-ecosystem', 'injective-ecosystem', 'bnb-chain', 'usd-stablecoin', 'optimism-ecosystem']",,71116628508.94615,73141766321.23428,,3,,,,2023-03-03T17:13:00.000Z,1.0001140636450574,37554669054.94003,26.2621,-0.00082612,0.00389517,0.00256356,0.00153816,0.0344441,0.00497496,71124740330.81807,6.916,73150109137.71,,2023-03-03T17:13:00.000Z,1027.0,Ethereum,ETH,ethereum,0xdac17f958d2ee523a2206206994597c13d831ec7,2023-03-03 17:15:19.208599
3,1839,BNB,BNB,bnb,1206,2017-07-25T00:00:00.000Z,"['marketplace', 'centralized-exchange', 'payments', 'smart-contracts', 'alameda-research-portfolio', 'multicoin-capital-portfolio', 'bnb-chain']",,157894579.00970283,159979963.59042934,,4,,,,2023-03-03T17:13:00.000Z,289.8505532847787,459355515.7275965,24.1637,0.37953104,-2.49889532,-3.53090591,-5.9339368,17.64297197,-0.45617222,45765831086.62957,4.4506,46370280961.16,,2023-03-03T17:13:00.000Z,,,,,,2023-03-03 17:15:19.208599
4,3408,USD Coin,USDC,usd-coin,10437,2018-10-08T00:00:00.000Z,"['medium-of-exchange', 'stablecoin', 'asset-backed-stablecoin', 'fantom-ecosystem', 'arbitrum-ecosytem', 'moonriver-ecosystem', 'bnb-chain', 'usd-stablecoin', 'optimism-ecosystem']",,43228214266.55103,43228214266.55103,,5,,,,2023-03-03T17:13:00.000Z,1.0000958767878503,4167427067.1867976,16.8444,0.0155365,-0.01843843,0.03155695,0.01806713,0.00445812,0.00751122,43232358848.87941,4.204,43232358848.88,,2023-03-03T17:13:00.000Z,1027.0,Ethereum,ETH,ethereum,0xa0b86991c6218b36c1d19d4a2e9eb0ce3606eb48,2023-03-03 17:15:19.208599
5,52,XRP,XRP,xrp,898,2013-08-04T00:00:00.000Z,"['medium-of-exchange', 'enterprise-solutions', 'arrington-xrp-capital-portfolio', 'galaxy-digital-portfolio', 'a16z-portfolio', 'pantera-capital-portfolio']",100000000000.0,50950912949.0,99989113908.0,,6,,,,2023-03-03T17:13:00.000Z,0.3675601072202619,1125260865.246424,32.7241,0.03954527,-2.10279369,-1.75682391,-7.84387148,4.29655604,-6.83864719,18727523026.50467,1.8212,36756010722.03,,2023-03-03T17:13:00.000Z,,,,,,2023-03-03 17:15:19.208599
6,2010,Cardano,ADA,cardano,661,2017-10-01T00:00:00.000Z,"['dpos', 'pos', 'platform', 'research', 'smart-contracts', 'staking', 'cardano-ecosystem', 'cardano']",45000000000.0,34670935980.244,35538184453.812,,7,,,,2023-03-03T17:13:00.000Z,0.3395150433913839,384498295.8644558,63.2712,0.60436742,-2.14944469,-6.92248946,-9.4721986,33.33735586,4.78665994,11771304333.752436,1.1446,15278176952.61,,2023-03-03T17:13:00.000Z,,,,,,2023-03-03 17:15:19.208599
7,3890,Polygon,MATIC,polygon,598,2019-04-28T00:00:00.000Z,"['platform', 'enterprise-solutions', 'zero-knowledge-proofs', 'scaling', 'state-channel', 'coinbase-ventures-portfolio', 'binance-launchpad', 'binance-labs-portfolio', 'polygon-ecosystem', 'moonriver-ecosystem', 'injective-ecosystem']",10000000000.0,8734317475.28493,10000000000.0,,8,,,,2023-03-03T17:13:00.000Z,1.1722478975791375,573340609.712116,55.0167,0.78497744,-1.99222676,-7.90725361,8.70974735,49.86259039,27.46275211,10238785297.191479,0.9956,11722478975.79,,2023-03-03T17:13:00.000Z,,,,,,2023-03-03 17:15:19.208599
8,74,Dogecoin,DOGE,dogecoin,650,2013-12-15T00:00:00.000Z,"['mineable', 'pow', 'scrypt', 'medium-of-exchange', 'memes', 'payments', 'doggone-doggerel', 'bnb-chain']",,132670764299.89409,132670764299.89409,,9,,,,2023-03-03T17:13:00.000Z,0.07639418517750352,553649321.9031852,136.3271,0.41715298,-4.55117839,-5.61497942,-15.06843601,6.09442261,-24.54313105,10135274935.567032,0.9856,10135274935.57,,2023-03-03T17:13:00.000Z,,,,,,2023-03-03 17:15:19.208599
9,4687,Binance USD,BUSD,binance-usd,6338,2019-09-20T00:00:00.000Z,"['stablecoin', 'asset-backed-stablecoin', 'binance-chain', 'harmony-ecosystem', 'moonriver-ecosystem', 'usd-stablecoin', 'optimism-ecosystem']",,9469876480.143375,9469876480.143375,,10,,,,2023-03-03T17:13:00.000Z,1.0003343112290328,7808346947.415978,38.0123,0.0188586,-0.00085018,0.03090549,0.01860266,0.01793176,0.04373129,9473042366.188242,0.9212,9473042366.19,,2023-03-03T17:13:00.000Z,1839.0,BNB,BNB,bnb,BUSD-BD1,2023-03-03 17:15:19.208599
10,5426,Solana,SOL,solana,437,2020-04-10T00:00:00.000Z,"['pos', 'platform', 'solana-ecosystem', 'cms-holdings-portfolio', 'kenetic-capital-portfolio', 'alameda-research-portfolio', 'multicoin-capital-portfolio', 'okex-blockdream-ventures-portfolio']",,378850891.6416557,539312704.8875339,,11,,,,2023-03-03T17:13:00.000Z,21.279419846798557,478678394.9196747,44.5169,0.23310984,-2.28625019,-6.6510954,-6.55757423,91.5771478,57.31910592,8061727182.576777,0.7839,11476261476.01,,2023-03-03T17:13:00.000Z,,,,,,2023-03-03 17:15:19.208599
11,6636,Polkadot,DOT,polkadot-new,475,2020-08-19T00:00:00.000Z,"['substrate', 'polkadot', 'binance-chain', 'polkadot-ecosystem', 'three-arrows-capital-portfolio', 'polychain-capital-portfolio', 'arrington-xrp-capital-portfolio', 'blockchain-capital-portfolio', 'boostvc-portfolio', 'cms-holdings-portfolio', 'coinfund-portfolio', 'fabric-ventures-portfolio', 'fenbushi-capital-portfolio', 'hashkey-capital-portfolio', 'kenetic-capital-portfolio', '1confirmation-portfolio', 'placeholder-ventures-portfolio', 'pantera-capital-portfolio', 'exnetwork-capital-portfolio', 'web3', 'spartan-group', 'injective-ecosystem', 'bnb-chain']",,1162800965.752177,1289224636.0573568,,12,904869778.0,5499837855.326624,,2023-03-03T17:13:00.000Z,6.078043480999786,293129723.22524035,33.5042,0.49787574,-3.158487,-8.20975167,0.02404787,34.69152796,9.3769025,7067554829.590275,0.6873,7835963394.73,,2023-03-03T17:13:00.000Z,,,,,,2023-03-03 17:15:19.208599
12,2,Litecoin,LTC,litecoin,881,2013-04-28T00:00:00.000Z,"['mineable', 'pow', 'scrypt', 'medium-of-exchange']",84000000.0,72401614.83882631,84000000.0,,13,,,,2023-03-03T17:13:00.000Z,89.764342842748,660002675.3291982,42.8693,0.34716908,-4.84312465,-1.47504,-4.82737547,20.15467581,17.6014303,6499083376.760996,0.632,7540204798.79,,2023-03-03T17:13:00.000Z,,,,,,2023-03-03 17:15:19.208599
13,5994,Shiba Inu,SHIB,shiba-inu,490,2020-08-01T00:00:00.000Z,"['memes', 'ethereum-ecosystem', 'doggone-doggerel']",,549063278876301.94,589735030408322.8,,14,,,,2023-03-03T17:13:00.000Z,1.1333348444935726e-05,286993502.3404062,51.6802,0.18973303,-4.32285911,-10.17537824,-1.52967422,38.37961861,21.2621795,6222725457.824047,0.6051,6683672589.8,,2023-03-03T17:13:00.000Z,1027.0,Ethereum,ETH,ethereum,0x95ad61b0a150d79219dcf64e1e6cc01f0b64c4ce,2023-03-03 17:15:19.208599
14,1958,TRON,TRX,tron,731,2017-09-13T00:00:00.000Z,"['media', 'payments', 'tron-ecosystem']",,91392613295.47162,91392729200.59804,,15,71659659264.0,4832790751.715083,,2023-03-03T17:13:00.000Z,0.06744088377410071,257029975.11865187,19.9742,0.08487493,-2.52548563,-0.6405952,9.13111954,21.98573088,24.97632557,6163598611.071233,0.5993,6163606427.82,,2023-03-03T17:13:00.000Z,,,,,,2023-03-03 17:15:19.208599
0,1,Bitcoin,BTC,bitcoin,9996,2013-04-28T00:00:00.000Z,"['mineable', 'pow', 'sha-256', 'store-of-value', 'state-channel', 'coinbase-ventures-portfolio', 'three-arrows-capital-portfolio', 'polychain-capital-portfolio', 'binance-labs-portfolio', 'blockchain-capital-portfolio', 'boostvc-portfolio', 'cms-holdings-portfolio', 'dcg-portfolio', 'dragonfly-capital-portfolio', 'electric-capital-portfolio', 'fabric-ventures-portfolio', 'framework-ventures-portfolio', 'galaxy-digital-portfolio', 'huobi-capital-portfolio', 'alameda-research-portfolio', 'a16z-portfolio', '1confirmation-portfolio', 'winklevoss-capital-portfolio', 'usv-portfolio', 'placeholder-ventures-portfolio', 'pantera-capital-portfolio', 'multicoin-capital-portfolio', 'paradigm-portfolio', 'btc-ecosystem']",21000000.0,19307106.0,19307106.0,,1,,,,2023-03-03T17:17:00.000Z,22404.434765106125,26094230904.061028,24.2396,0.24586825,-3.75618788,-3.3471728,-2.55562405,33.98855403,32.14096292,432564796879.9891,42.0549,470493130067.23,,2023-03-03T17:17:00.000Z,,,,,,2023-03-03 17:19:16.932103
1,1027,Ethereum,ETH,ethereum,6517,2015-08-07T00:00:00.000Z,"['pos', 'smart-contracts', 'ethereum-ecosystem', 'coinbase-ventures-portfolio', 'three-arrows-capital-portfolio', 'polychain-capital-portfolio', 'binance-labs-portfolio', 'blockchain-capital-portfolio', 'boostvc-portfolio', 'cms-holdings-portfolio', 'dcg-portfolio', 'dragonfly-capital-portfolio', 'electric-capital-portfolio', 'fabric-ventures-portfolio', 'framework-ventures-portfolio', 'hashkey-capital-portfolio', 'kenetic-capital-portfolio', 'huobi-capital-portfolio', 'alameda-research-portfolio', 'a16z-portfolio', '1confirmation-portfolio', 'winklevoss-capital-portfolio', 'usv-portfolio', 'placeholder-ventures-portfolio', 'pantera-capital-portfolio', 'multicoin-capital-portfolio', 'paradigm-portfolio', 'injective-ecosystem']",,122373866.2178,122373866.2178,,2,,,,2023-03-03T17:17:00.000Z,1570.924778953679,9773655458.735542,39.0661,0.23049681,-3.30565002,-1.32507593,-0.23386763,29.0699331,23.86003093,192240138737.90454,18.6874,192240138737.9,,2023-03-03T17:17:00.000Z,,,,,,2023-03-03 17:19:16.932103
2,825,Tether,USDT,tether,48731,2015-02-25T00:00:00.000Z,"['payments', 'stablecoin', 'asset-backed-stablecoin', 'avalanche-ecosystem', 'solana-ecosystem', 'arbitrum-ecosytem', 'moonriver-ecosystem', 'injective-ecosystem', 'bnb-chain', 'usd-stablecoin', 'optimism-ecosystem']",,71116628508.94615,73141766321.23428,,3,,,,2023-03-03T17:17:00.000Z,1.0001271115599255,37586773864.82065,26.5504,0.00162443,0.00348829,0.00209302,2.706e-05,0.03795975,0.00742601,71125668254.53256,6.915,73151063485.25,,2023-03-03T17:17:00.000Z,1027.0,Ethereum,ETH,ethereum,0xdac17f958d2ee523a2206206994597c13d831ec7,2023-03-03 17:19:16.932103
3,1839,BNB,BNB,bnb,1206,2017-07-25T00:00:00.000Z,"['marketplace', 'centralized-exchange', 'payments', 'smart-contracts', 'alameda-research-portfolio', 'multicoin-capital-portfolio', 'bnb-chain']",,157894579.00970283,159979963.59042934,,4,,,,2023-03-03T17:17:00.000Z,289.6068542492487,459766038.1989789,24.3055,0.3161742,-2.55012593,-3.67506047,-6.04122854,17.55312101,-0.53822169,45727352330.0095,4.4464,46331293998.33,,2023-03-03T17:17:00.000Z,,,,,,2023-03-03 17:19:16.932103
4,3408,USD Coin,USDC,usd-coin,10437,2018-10-08T00:00:00.000Z,"['medium-of-exchange', 'stablecoin', 'asset-backed-stablecoin', 'fantom-ecosystem', 'arbitrum-ecosytem', 'moonriver-ecosystem', 'bnb-chain', 'usd-stablecoin', 'optimism-ecosystem']",,43228214266.55103,43228214266.55103,,5,,,,2023-03-03T17:17:00.000Z,0.9999833583042786,4172440570.713327,17.1515,0.00249586,-0.02552329,0.0068116,0.00370389,-0.00347827,0.00461471,43227494875.762634,4.2021,43227494875.76,,2023-03-03T17:17:00.000Z,1027.0,Ethereum,ETH,ethereum,0xa0b86991c6218b36c1d19d4a2e9eb0ce3606eb48,2023-03-03 17:19:16.932103
5,52,XRP,XRP,xrp,898,2013-08-04T00:00:00.000Z,"['medium-of-exchange', 'enterprise-solutions', 'arrington-xrp-capital-portfolio', 'galaxy-digital-portfolio', 'a16z-portfolio', 'pantera-capital-portfolio']",100000000000.0,50950912949.0,99989113908.0,,6,,,,2023-03-03T17:17:00.000Z,0.3674649796760787,1126412670.5718791,32.8923,0.04665723,-2.10820317,-1.93972039,-7.85227637,4.26723464,-6.83058689,18722676191.28194,1.8205,36746497967.61,,2023-03-03T17:17:00.000Z,,,,,,2023-03-03 17:19:16.932103
6,2010,Cardano,ADA,cardano,661,2017-10-01T00:00:00.000Z,"['dpos', 'pos', 'platform', 'research', 'smart-contracts', 'staking', 'cardano-ecosystem', 'cardano']",45000000000.0,34670935980.244,35538184453.812,,7,,,,2023-03-03T17:17:00.000Z,0.3394757810561817,384459021.0937727,63.2094,0.61467102,-2.07956563,-6.97318339,-9.46776944,33.3664445,4.80439241,11769943071.842205,1.1443,15276410147.53,,2023-03-03T17:17:00.000Z,,,,,,2023-03-03 17:19:16.932103
7,3890,Polygon,MATIC,polygon,598,2019-04-28T00:00:00.000Z,"['platform', 'enterprise-solutions', 'zero-knowledge-proofs', 'scaling', 'state-channel', 'coinbase-ventures-portfolio', 'binance-launchpad', 'binance-labs-portfolio', 'polygon-ecosystem', 'moonriver-ecosystem', 'injective-ecosystem']",10000000000.0,8734317475.28493,10000000000.0,,8,,,,2023-03-03T17:17:00.000Z,1.1706635018863631,573674039.9543618,55.1986,0.66847245,-2.08415873,-7.94486967,8.51055957,49.77320873,27.33124518,10224946682.204313,0.994,11706635018.86,,2023-03-03T17:17:00.000Z,,,,,,2023-03-03 17:19:16.932103
8,74,Dogecoin,DOGE,dogecoin,650,2013-12-15T00:00:00.000Z,"['mineable', 'pow', 'scrypt', 'medium-of-exchange', 'memes', 'payments', 'doggone-doggerel', 'bnb-chain']",,132670764299.89409,132670764299.89409,,9,,,,2023-03-03T17:17:00.000Z,0.07636831742554888,553853124.2841204,136.5421,0.41514483,-4.56357054,-5.60957708,-15.07441997,6.05367759,-24.53686099,10131843041.14449,0.9849,10131843041.14,,2023-03-03T17:17:00.000Z,,,,,,2023-03-03 17:19:16.932103
9,4687,Binance USD,BUSD,binance-usd,6338,2019-09-20T00:00:00.000Z,"['stablecoin', 'asset-backed-stablecoin', 'binance-chain', 'harmony-ecosystem', 'moonriver-ecosystem', 'usd-stablecoin', 'optimism-ecosystem']",,9469876480.143375,9469876480.143375,,10,,,,2023-03-03T17:17:00.000Z,1.000272525745802,7820695769.696166,38.397,-0.00269128,0.00903435,0.01592194,0.01315022,0.02221347,0.01277252,9472457265.29378,0.9208,9472457265.29,,2023-03-03T17:17:00.000Z,1839.0,BNB,BNB,bnb,BUSD-BD1,2023-03-03 17:19:16.932103
10,5426,Solana,SOL,solana,437,2020-04-10T00:00:00.000Z,"['pos', 'platform', 'solana-ecosystem', 'cms-holdings-portfolio', 'kenetic-capital-portfolio', 'alameda-research-portfolio', 'multicoin-capital-portfolio', 'okex-blockdream-ventures-portfolio']",,378850891.6416557,539312704.8875339,,11,,,,2023-03-03T17:17:00.000Z,21.255517415509456,478880891.683738,44.5479,0.16805539,-2.34364403,-6.73079624,-6.65458467,91.02016477,57.12642006,8052671725.170498,0.7828,11463370591.14,,2023-03-03T17:17:00.000Z,,,,,,2023-03-03 17:19:16.932103
11,6636,Polkadot,DOT,polkadot-new,475,2020-08-19T00:00:00.000Z,"['substrate', 'polkadot', 'binance-chain', 'polkadot-ecosystem', 'three-arrows-capital-portfolio', 'polychain-capital-portfolio', 'arrington-xrp-capital-portfolio', 'blockchain-capital-portfolio', 'boostvc-portfolio', 'cms-holdings-portfolio', 'coinfund-portfolio', 'fabric-ventures-portfolio', 'fenbushi-capital-portfolio', 'hashkey-capital-portfolio', 'kenetic-capital-portfolio', '1confirmation-portfolio', 'placeholder-ventures-portfolio', 'pantera-capital-portfolio', 'exnetwork-capital-portfolio', 'web3', 'spartan-group', 'injective-ecosystem', 'bnb-chain']",,1162800965.752177,1289224636.0573568,,12,904869778.0,5494246036.966118,,2023-03-03T17:17:00.000Z,6.071863786974791,293377585.86116034,33.6925,0.42995449,-3.22748311,-8.31459773,-0.05077838,34.91454766,9.26336338,7060369075.409957,0.6863,7827996380.95,,2023-03-03T17:17:00.000Z,,,,,,2023-03-03 17:19:16.932103
12,2,Litecoin,LTC,litecoin,881,2013-04-28T00:00:00.000Z,"['mineable', 'pow', 'scrypt', 'medium-of-exchange']",84000000.0,72401614.83882631,84000000.0,,13,,,,2023-03-03T17:17:00.000Z,89.70977170108931,660229950.8457748,43.0329,0.38100115,-4.85157096,-1.50973443,-4.92567053,20.07970427,17.58937567,6495132337.981309,0.6314,7535620822.89,,2023-03-03T17:17:00.000Z,,,,,,2023-03-03 17:19:16.932103
13,5994,Shiba Inu,SHIB,shiba-inu,490,2020-08-01T00:00:00.000Z,"['memes', 'ethereum-ecosystem', 'doggone-doggerel']",,549063278876301.94,589735030408322.8,,14,,,,2023-03-03T17:17:00.000Z,1.1326783959433913e-05,286588739.9824344,51.4012,0.1774753,-4.33561379,-10.26763304,-1.34896505,38.28851224,21.32728578,6219121139.8902855,0.6045,6679801282.75,,2023-03-03T17:17:00.000Z,1027.0,Ethereum,ETH,ethereum,0x95ad61b0a150d79219dcf64e1e6cc01f0b64c4ce,2023-03-03 17:19:16.932103
14,1958,TRON,TRX,tron,731,2017-09-13T00:00:00.000Z,"['media', 'payments', 'tron-ecosystem']",,91392613295.47162,91392729200.59804,,15,71659659264.0,4829145047.768366,,2023-03-03T17:17:00.000Z,0.06739000851200538,257196559.5377066,20.0437,0.0444478,-2.60460579,-0.71738525,9.05422361,21.88127462,24.88798676,6158948987.916248,0.5988,6158956798.76,,2023-03-03T17:17:00.000Z,,,,,,2023-03-03 17:19:16.932103
0,1,Bitcoin,BTC,bitcoin,9996,2013-04-28T00:00:00.000Z,"['mineable', 'pow', 'sha-256', 'store-of-value', 'state-channel', 'coinbase-ventures-portfolio', 'three-arrows-capital-portfolio', 'polychain-capital-portfolio', 'binance-labs-portfolio', 'blockchain-capital-portfolio', 'boostvc-portfolio', 'cms-holdings-portfolio', 'dcg-portfolio', 'dragonfly-capital-portfolio', 'electric-capital-portfolio', 'fabric-ventures-portfolio', 'framework-ventures-portfolio', 'galaxy-digital-portfolio', 'huobi-capital-portfolio', 'alameda-research-portfolio', 'a16z-portfolio', '1confirmation-portfolio', 'winklevoss-capital-portfolio', 'usv-portfolio', 'placeholder-ventures-portfolio', 'pantera-capital-portfolio', 'multicoin-capital-portfolio', 'paradigm-portfolio', 'btc-ecosystem']",21000000.0,19307106.0,19307106.0,,1,,,,2023-03-03T17:20:00.000Z,22402.046049225573,26103386363.774803,24.2745,0.17179005,-3.72277963,-3.41017743,-2.60893241,33.99056485,32.10171555,432518677689.27936,42.0673,470442967033.74,,2023-03-03T17:20:00.000Z,,,,,,2023-03-03 17:21:38.612363
1,1027,Ethereum,ETH,ethereum,6517,2015-08-07T00:00:00.000Z,"['pos', 'smart-contracts', 'ethereum-ecosystem', 'coinbase-ventures-portfolio', 'three-arrows-capital-portfolio', 'polychain-capital-portfolio', 'binance-labs-portfolio', 'blockchain-capital-portfolio', 'boostvc-portfolio', 'cms-holdings-portfolio', 'dcg-portfolio', 'dragonfly-capital-portfolio', 'electric-capital-portfolio', 'fabric-ventures-portfolio', 'framework-ventures-portfolio', 'hashkey-capital-portfolio', 'kenetic-capital-portfolio', 'huobi-capital-portfolio', 'alameda-research-portfolio', 'a16z-portfolio', '1confirmation-portfolio', 'winklevoss-capital-portfolio', 'usv-portfolio', 'placeholder-ventures-portfolio', 'pantera-capital-portfolio', 'multicoin-capital-portfolio', 'paradigm-portfolio', 'injective-ecosystem']",,122373866.2178,122373866.2178,,2,,,,2023-03-03T17:20:00.000Z,1570.459908837158,9775758703.080753,39.1004,0.14661956,-3.29011773,-1.44613605,-0.29813371,29.0327993,23.76560601,192183250784.4568,18.6819,192183250784.46,,2023-03-03T17:20:00.000Z,,,,,,2023-03-03 17:21:38.612363
2,825,Tether,USDT,tether,48731,2015-02-25T00:00:00.000Z,"['payments', 'stablecoin', 'asset-backed-stablecoin', 'avalanche-ecosystem', 'solana-ecosystem', 'arbitrum-ecosytem', 'moonriver-ecosystem', 'injective-ecosystem', 'bnb-chain', 'usd-stablecoin', 'optimism-ecosystem']",,71116628508.94615,73141766321.23428,,3,,,,2023-03-03T17:20:00.000Z,1.0001256414492246,37600192560.47979,26.6098,0.00089775,0.00350546,0.00217657,0.00222234,0.03570421,0.00657854,71125563705.21597,6.9178,73150955958.75,,2023-03-03T17:20:00.000Z,1027.0,Ethereum,ETH,ethereum,0xdac17f958d2ee523a2206206994597c13d831ec7,2023-03-03 17:21:38.612363
3,1839,BNB,BNB,bnb,1206,2017-07-25T00:00:00.000Z,"['marketplace', 'centralized-exchange', 'payments', 'smart-contracts', 'alameda-research-portfolio', 'multicoin-capital-portfolio', 'bnb-chain']",,157894579.00970283,159979963.59042934,,4,,,,2023-03-03T17:20:00.000Z,289.5509920942544,459764364.7185896,24.2829,0.25193782,-2.51366056,-3.76460314,-6.1118522,17.53985376,-0.83295959,45718531998.564095,4.4455,46322357172.81,,2023-03-03T17:20:00.000Z,,,,,,2023-03-03 17:21:38.612363
4,3408,USD Coin,USDC,usd-coin,10437,2018-10-08T00:00:00.000Z,"['medium-of-exchange', 'stablecoin', 'asset-backed-stablecoin', 'fantom-ecosystem', 'arbitrum-ecosytem', 'moonriver-ecosystem', 'bnb-chain', 'usd-stablecoin', 'optimism-ecosystem']",,43228214266.55103,43228214266.55103,,5,,,,2023-03-03T17:20:00.000Z,0.9999649158785975,4172333938.5164485,17.19,-0.00191566,-0.0244106,-0.00086508,-0.0040381,-0.00573963,-0.00751466,43226697642.63369,4.202,43226697642.63,,2023-03-03T17:20:00.000Z,1027.0,Ethereum,ETH,ethereum,0xa0b86991c6218b36c1d19d4a2e9eb0ce3606eb48,2023-03-03 17:21:38.612363
5,52,XRP,XRP,xrp,898,2013-08-04T00:00:00.000Z,"['medium-of-exchange', 'enterprise-solutions', 'arrington-xrp-capital-portfolio', 'galaxy-digital-portfolio', 'a16z-portfolio', 'pantera-capital-portfolio']",100000000000.0,50950912949.0,99989113908.0,,6,,,,2023-03-03T17:20:00.000Z,0.3673950717289716,1126425680.3484654,32.8384,-0.0299198,-2.14671061,-2.16584042,-7.91890024,4.20537121,-6.85955374,18719114317.554443,1.8202,36739507172.9,,2023-03-03T17:20:00.000Z,,,,,,2023-03-03 17:21:38.612363
6,2010,Cardano,ADA,cardano,661,2017-10-01T00:00:00.000Z,"['dpos', 'pos', 'platform', 'research', 'smart-contracts', 'staking', 'cardano-ecosystem', 'cardano']",45000000000.0,34670935980.244,35538184453.812,,7,,,,2023-03-03T17:20:00.000Z,0.3395490057412378,384566338.13138074,63.2197,0.58912168,-2.00375843,-7.10309344,-9.51637089,33.33241844,4.74579509,11772481840.209959,1.145,15279705258.36,,2023-03-03T17:20:00.000Z,,,,,,2023-03-03 17:21:38.612363
7,3890,Polygon,MATIC,polygon,598,2019-04-28T00:00:00.000Z,"['platform', 'enterprise-solutions', 'zero-knowledge-proofs', 'scaling', 'state-channel', 'coinbase-ventures-portfolio', 'binance-launchpad', 'binance-labs-portfolio', 'polygon-ecosystem', 'moonriver-ecosystem', 'injective-ecosystem']",10000000000.0,8734317475.28493,10000000000.0,,8,,,,2023-03-03T17:20:00.000Z,1.1707234325637128,573626008.6695176,55.3169,0.57554345,-2.04650247,-8.1410984,8.41171379,49.82884253,27.26961712,10225470135.766794,0.994,11707234325.64,,2023-03-03T17:20:00.000Z,,,,,,2023-03-03 17:21:38.612363
8,74,Dogecoin,DOGE,dogecoin,650,2013-12-15T00:00:00.000Z,"['mineable', 'pow', 'scrypt', 'medium-of-exchange', 'memes', 'payments', 'doggone-doggerel', 'bnb-chain']",,132670764299.89409,132670764299.89409,,9,,,,2023-03-03T17:20:00.000Z,0.07637276374503968,554003556.6705554,136.5,0.34091339,-4.51677988,-5.69850234,-15.17957981,6.10931981,-24.58215609,10132432937.749657,0.985,10132432937.75,,2023-03-03T17:20:00.000Z,,,,,,2023-03-03 17:21:38.612363
9,4687,Binance USD,BUSD,binance-usd,6338,2019-09-20T00:00:00.000Z,"['stablecoin', 'asset-backed-stablecoin', 'binance-chain', 'harmony-ecosystem', 'moonriver-ecosystem', 'usd-stablecoin', 'optimism-ecosystem']",,9469876480.143375,9469876480.143375,,10,,,,2023-03-03T17:20:00.000Z,1.000319685834936,7820909121.220785,38.3285,0.01161953,-0.01336976,0.01693329,0.03369574,0.01541962,-0.02388688,9472903865.51267,0.9208,9472903865.51,,2023-03-03T17:20:00.000Z,1839.0,BNB,BNB,bnb,BUSD-BD1,2023-03-03 17:21:38.612363
10,5426,Solana,SOL,solana,437,2020-04-10T00:00:00.000Z,"['pos', 'platform', 'solana-ecosystem', 'cms-holdings-portfolio', 'kenetic-capital-portfolio', 'alameda-research-portfolio', 'multicoin-capital-portfolio', 'okex-blockdream-ventures-portfolio']",,378850891.6416557,539312704.8875339,,11,,,,2023-03-03T17:20:00.000Z,21.248468681708342,478904481.8738719,44.5233,0.06532449,-2.36637466,-6.89042321,-6.72290132,90.6763824,56.91097824,8050001306.085002,0.7825,11459569119.45,,2023-03-03T17:20:00.000Z,,,,,,2023-03-03 17:21:38.612363
11,6636,Polkadot,DOT,polkadot-new,475,2020-08-19T00:00:00.000Z,"['substrate', 'polkadot', 'binance-chain', 'polkadot-ecosystem', 'three-arrows-capital-portfolio', 'polychain-capital-portfolio', 'arrington-xrp-capital-portfolio', 'blockchain-capital-portfolio', 'boostvc-portfolio', 'cms-holdings-portfolio', 'coinfund-portfolio', 'fabric-ventures-portfolio', 'fenbushi-capital-portfolio', 'hashkey-capital-portfolio', 'kenetic-capital-portfolio', '1confirmation-portfolio', 'placeholder-ventures-portfolio', 'pantera-capital-portfolio', 'exnetwork-capital-portfolio', 'web3', 'spartan-group', 'injective-ecosystem', 'bnb-chain']",,1162800965.752177,1289224636.0573568,,12,904869778.0,5493078427.88539,,2023-03-03T17:20:00.000Z,6.070573425522662,293457498.32268715,33.6096,0.34661207,-3.21213374,-8.45656158,-0.14425838,34.95570843,9.19989242,7058868641.867252,0.6862,7826332815.18,,2023-03-03T17:20:00.000Z,,,,,,2023-03-03 17:21:38.612363
12,2,Litecoin,LTC,litecoin,881,2013-04-28T00:00:00.000Z,"['mineable', 'pow', 'scrypt', 'medium-of-exchange']",84000000.0,72401614.83882631,84000000.0,,13,,,,2023-03-03T17:20:00.000Z,89.75209201113896,660683401.3091826,43.1072,0.34438936,-4.81327088,-1.51711112,-4.95878758,20.19784842,17.5231271,6498196396.769382,0.6317,7539175728.94,,2023-03-03T17:20:00.000Z,,,,,,2023-03-03 17:21:38.612363
13,5994,Shiba Inu,SHIB,shiba-inu,490,2020-08-01T00:00:00.000Z,"['memes', 'ethereum-ecosystem', 'doggone-doggerel']",,549063278876301.94,589735030408322.8,,14,,,,2023-03-03T17:20:00.000Z,1.1319629100445004e-05,286128612.0648164,51.1587,0.10126592,-4.35427134,-10.47138393,-1.34331861,38.20415332,21.21978632,6215192669.553938,0.6045,6675581811.76,,2023-03-03T17:20:00.000Z,1027.0,Ethereum,ETH,ethereum,0x95ad61b0a150d79219dcf64e1e6cc01f0b64c4ce,2023-03-03 17:21:38.612363
14,1958,TRON,TRX,tron,731,2017-09-13T00:00:00.000Z,"['media', 'payments', 'tron-ecosystem']",,91392613295.47162,91392729200.59804,,15,71659659264.0,4827909679.790404,,2023-03-03T17:20:00.000Z,0.06737276913366268,257157993.89386892,20.0126,-0.04628311,-2.62727821,-0.81670682,9.01401661,21.85896107,24.82338496,6157373436.077919,0.5989,6157381244.93,,2023-03-03T17:20:00.000Z,,,,,,2023-03-03 17:21:38.612363
0,1,Bitcoin,BTC,bitcoin,9996,2013-04-28T00:00:00.000Z,"['mineable', 'pow', 'sha-256', 'store-of-value', 'state-channel', 'coinbase-ventures-portfolio', 'three-arrows-capital-portfolio', 'polychain-capital-portfolio', 'binance-labs-portfolio', 'blockchain-capital-portfolio', 'boostvc-portfolio', 'cms-holdings-portfolio', 'dcg-portfolio', 'dragonfly-capital-portfolio', 'electric-capital-portfolio', 'fabric-ventures-portfolio', 'framework-ventures-portfolio', 'galaxy-digital-portfolio', 'huobi-capital-portfolio', 'alameda-research-portfolio', 'a16z-portfolio', '1confirmation-portfolio', 'winklevoss-capital-portfolio', 'usv-portfolio', 'placeholder-ventures-portfolio', 'pantera-capital-portfolio', 'multicoin-capital-portfolio', 'paradigm-portfolio', 'btc-ecosystem']",21000000.0,19307106.0,19307106.0,,1,,,,2023-03-03T17:20:00.000Z,22402.046049225573,26103386363.774803,24.2745,0.17179005,-3.72277963,-3.41017743,-2.60893241,33.99056485,32.10171555,432518677689.27936,42.0673,470442967033.74,,2023-03-03T17:20:00.000Z,,,,,,2023-03-03 17:22:25.093322
1,1027,Ethereum,ETH,ethereum,6517,2015-08-07T00:00:00.000Z,"['pos', 'smart-contracts', 'ethereum-ecosystem', 'coinbase-ventures-portfolio', 'three-arrows-capital-portfolio', 'polychain-capital-portfolio', 'binance-labs-portfolio', 'blockchain-capital-portfolio', 'boostvc-portfolio', 'cms-holdings-portfolio', 'dcg-portfolio', 'dragonfly-capital-portfolio', 'electric-capital-portfolio', 'fabric-ventures-portfolio', 'framework-ventures-portfolio', 'hashkey-capital-portfolio', 'kenetic-capital-portfolio', 'huobi-capital-portfolio', 'alameda-research-portfolio', 'a16z-portfolio', '1confirmation-portfolio', 'winklevoss-capital-portfolio', 'usv-portfolio', 'placeholder-ventures-portfolio', 'pantera-capital-portfolio', 'multicoin-capital-portfolio', 'paradigm-portfolio', 'injective-ecosystem']",,122373866.2178,122373866.2178,,2,,,,2023-03-03T17:20:00.000Z,1570.459908837158,9775758703.080753,39.1004,0.14661956,-3.29011773,-1.44613605,-0.29813371,29.0327993,23.76560601,192183250784.4568,18.6819,192183250784.46,,2023-03-03T17:20:00.000Z,,,,,,2023-03-03 17:22:25.093322
2,825,Tether,USDT,tether,48731,2015-02-25T00:00:00.000Z,"['payments', 'stablecoin', 'asset-backed-stablecoin', 'avalanche-ecosystem', 'solana-ecosystem', 'arbitrum-ecosytem', 'moonriver-ecosystem', 'injective-ecosystem', 'bnb-chain', 'usd-stablecoin', 'optimism-ecosystem']",,71116628508.94615,73141766321.23428,,3,,,,2023-03-03T17:20:00.000Z,1.0001256414492246,37600192560.47979,26.6098,0.00089775,0.00350546,0.00217657,0.00222234,0.03570421,0.00657854,71125563705.21597,6.9178,73150955958.75,,2023-03-03T17:20:00.000Z,1027.0,Ethereum,ETH,ethereum,0xdac17f958d2ee523a2206206994597c13d831ec7,2023-03-03 17:22:25.093322
3,1839,BNB,BNB,bnb,1206,2017-07-25T00:00:00.000Z,"['marketplace', 'centralized-exchange', 'payments', 'smart-contracts', 'alameda-research-portfolio', 'multicoin-capital-portfolio', 'bnb-chain']",,157894579.00970283,159979963.59042934,,4,,,,2023-03-03T17:20:00.000Z,289.5509920942544,459764364.7185896,24.2829,0.25193782,-2.51366056,-3.76460314,-6.1118522,17.53985376,-0.83295959,45718531998.564095,4.4455,46322357172.81,,2023-03-03T17:20:00.000Z,,,,,,2023-03-03 17:22:25.093322
4,3408,USD Coin,USDC,usd-coin,10437,2018-10-08T00:00:00.000Z,"['medium-of-exchange', 'stablecoin', 'asset-backed-stablecoin', 'fantom-ecosystem', 'arbitrum-ecosytem', 'moonriver-ecosystem', 'bnb-chain', 'usd-stablecoin', 'optimism-ecosystem']",,43228214266.55103,43228214266.55103,,5,,,,2023-03-03T17:20:00.000Z,0.9999649158785975,4172333938.5164485,17.19,-0.00191566,-0.0244106,-0.00086508,-0.0040381,-0.00573963,-0.00751466,43226697642.63369,4.202,43226697642.63,,2023-03-03T17:20:00.000Z,1027.0,Ethereum,ETH,ethereum,0xa0b86991c6218b36c1d19d4a2e9eb0ce3606eb48,2023-03-03 17:22:25.093322
5,52,XRP,XRP,xrp,898,2013-08-04T00:00:00.000Z,"['medium-of-exchange', 'enterprise-solutions', 'arrington-xrp-capital-portfolio', 'galaxy-digital-portfolio', 'a16z-portfolio', 'pantera-capital-portfolio']",100000000000.0,50950912949.0,99989113908.0,,6,,,,2023-03-03T17:20:00.000Z,0.3673950717289716,1126425680.3484654,32.8384,-0.0299198,-2.14671061,-2.16584042,-7.91890024,4.20537121,-6.85955374,18719114317.554443,1.8202,36739507172.9,,2023-03-03T17:20:00.000Z,,,,,,2023-03-03 17:22:25.093322
6,2010,Cardano,ADA,cardano,661,2017-10-01T00:00:00.000Z,"['dpos', 'pos', 'platform', 'research', 'smart-contracts', 'staking', 'cardano-ecosystem', 'cardano']",45000000000.0,34670935980.244,35538184453.812,,7,,,,2023-03-03T17:20:00.000Z,0.3395490057412378,384566338.13138074,63.2197,0.58912168,-2.00375843,-7.10309344,-9.51637089,33.33241844,4.74579509,11772481840.209959,1.145,15279705258.36,,2023-03-03T17:20:00.000Z,,,,,,2023-03-03 17:22:25.093322
7,3890,Polygon,MATIC,polygon,598,2019-04-28T00:00:00.000Z,"['platform', 'enterprise-solutions', 'zero-knowledge-proofs', 'scaling', 'state-channel', 'coinbase-ventures-portfolio', 'binance-launchpad', 'binance-labs-portfolio', 'polygon-ecosystem', 'moonriver-ecosystem', 'injective-ecosystem']",10000000000.0,8734317475.28493,10000000000.0,,8,,,,2023-03-03T17:20:00.000Z,1.1707234325637128,573626008.6695176,55.3169,0.57554345,-2.04650247,-8.1410984,8.41171379,49.82884253,27.26961712,10225470135.766794,0.994,11707234325.64,,2023-03-03T17:20:00.000Z,,,,,,2023-03-03 17:22:25.093322
8,74,Dogecoin,DOGE,dogecoin,650,2013-12-15T00:00:00.000Z,"['mineable', 'pow', 'scrypt', 'medium-of-exchange', 'memes', 'payments', 'doggone-doggerel', 'bnb-chain']",,132670764299.89409,132670764299.89409,,9,,,,2023-03-03T17:20:00.000Z,0.07637276374503968,554003556.6705554,136.5,0.34091339,-4.51677988,-5.69850234,-15.17957981,6.10931981,-24.58215609,10132432937.749657,0.985,10132432937.75,,2023-03-03T17:20:00.000Z,,,,,,2023-03-03 17:22:25.093322
9,4687,Binance USD,BUSD,binance-usd,6338,2019-09-20T00:00:00.000Z,"['stablecoin', 'asset-backed-stablecoin', 'binance-chain', 'harmony-ecosystem', 'moonriver-ecosystem', 'usd-stablecoin', 'optimism-ecosystem']",,9469876480.143375,9469876480.143375,,10,,,,2023-03-03T17:20:00.000Z,1.000319685834936,7820909121.220785,38.3285,0.01161953,-0.01336976,0.01693329,0.03369574,0.01541962,-0.02388688,9472903865.51267,0.9208,9472903865.51,,2023-03-03T17:20:00.000Z,1839.0,BNB,BNB,bnb,BUSD-BD1,2023-03-03 17:22:25.093322
10,5426,Solana,SOL,solana,437,2020-04-10T00:00:00.000Z,"['pos', 'platform', 'solana-ecosystem', 'cms-holdings-portfolio', 'kenetic-capital-portfolio', 'alameda-research-portfolio', 'multicoin-capital-portfolio', 'okex-blockdream-ventures-portfolio']",,378850891.6416557,539312704.8875339,,11,,,,2023-03-03T17:20:00.000Z,21.248468681708342,478904481.8738719,44.5233,0.06532449,-2.36637466,-6.89042321,-6.72290132,90.6763824,56.91097824,8050001306.085002,0.7825,11459569119.45,,2023-03-03T17:20:00.000Z,,,,,,2023-03-03 17:22:25.093322
11,6636,Polkadot,DOT,polkadot-new,475,2020-08-19T00:00:00.000Z,"['substrate', 'polkadot', 'binance-chain', 'polkadot-ecosystem', 'three-arrows-capital-portfolio', 'polychain-capital-portfolio', 'arrington-xrp-capital-portfolio', 'blockchain-capital-portfolio', 'boostvc-portfolio', 'cms-holdings-portfolio', 'coinfund-portfolio', 'fabric-ventures-portfolio', 'fenbushi-capital-portfolio', 'hashkey-capital-portfolio', 'kenetic-capital-portfolio', '1confirmation-portfolio', 'placeholder-ventures-portfolio', 'pantera-capital-portfolio', 'exnetwork-capital-portfolio', 'web3', 'spartan-group', 'injective-ecosystem', 'bnb-chain']",,1162800965.752177,1289224636.0573568,,12,904869778.0,5493078427.88539,,2023-03-03T17:20:00.000Z,6.070573425522662,293457498.32268715,33.6096,0.34661207,-3.21213374,-8.45656158,-0.14425838,34.95570843,9.19989242,7058868641.867252,0.6862,7826332815.18,,2023-03-03T17:20:00.000Z,,,,,,2023-03-03 17:22:25.093322
12,2,Litecoin,LTC,litecoin,881,2013-04-28T00:00:00.000Z,"['mineable', 'pow', 'scrypt', 'medium-of-exchange']",84000000.0,72401614.83882631,84000000.0,,13,,,,2023-03-03T17:20:00.000Z,89.75209201113896,660683401.3091826,43.1072,0.34438936,-4.81327088,-1.51711112,-4.95878758,20.19784842,17.5231271,6498196396.769382,0.6317,7539175728.94,,2023-03-03T17:20:00.000Z,,,,,,2023-03-03 17:22:25.093322
13,5994,Shiba Inu,SHIB,shiba-inu,490,2020-08-01T00:00:00.000Z,"['memes', 'ethereum-ecosystem', 'doggone-doggerel']",,549063278876301.94,589735030408322.8,,14,,,,2023-03-03T17:20:00.000Z,1.1319629100445004e-05,286128612.0648164,51.1587,0.10126592,-4.35427134,-10.47138393,-1.34331861,38.20415332,21.21978632,6215192669.553938,0.6045,6675581811.76,,2023-03-03T17:20:00.000Z,1027.0,Ethereum,ETH,ethereum,0x95ad61b0a150d79219dcf64e1e6cc01f0b64c4ce,2023-03-03 17:22:25.093322
14,1958,TRON,TRX,tron,731,2017-09-13T00:00:00.000Z,"['media', 'payments', 'tron-ecosystem']",,91392613295.47162,91392729200.59804,,15,71659659264.0,4827909679.790404,,2023-03-03T17:20:00.000Z,0.06737276913366268,257157993.89386892,20.0126,-0.04628311,-2.62727821,-0.81670682,9.01401661,21.85896107,24.82338496,6157373436.077919,0.5989,6157381244.93,,2023-03-03T17:20:00.000Z,,,,,,2023-03-03 17:22:25.093322
